region,ca,commandes,panier_moy
Dakar,123846.35,552,224.35932971014495
Abidjan,70756.75,375,188.68466666666666
Bamako,59654.1,279,213.81397849462365
Paris,50379.0,229,219.99563318777294
Thiès,38663.3,184,210.1266304347826
Lyon,35158.55,163,215.6966257668712
Douala,11289.6,82,137.6780487804878
