categorie,ca,commandes,panier_moy,unites,part_ca_pct
Électronique,299597.0,551,543.7332123411978,941,76.9
Vêtements,46957.5,451,104.11862527716187,791,12.0
Sport,23905.35,284,84.1737676056338,464,6.1
Beauté,10120.85,194,52.16932989690722,323,2.6
Alimentation,9166.95,384,23.872265625,645,2.4
