produit,categorie,ca,commandes,prix_moy
Laptop Lenovo,Électronique,119505.0,116,588.7327586206897
Smartphone Samsung,Électronique,84105.0,109,427.29357798165137
Tablette iPad,Électronique,64372.0,118,364.3813559322034
Montre connectée,Électronique,24563.5,105,123.06666666666666
Veste cuir,Vêtements,16404.0,92,113.80434782608695
